{"mean": [[5.319121205662582, -0.016049204054986662, -0.06815555688570221, 1.7546736484273673, -0.009961729391876128], [0.20449723317093188, 0.3338025602786843]], "std": [[3.193444666683424, 0.22763632312914814, 0.5599249324481794, 0.6159662414651765, 0.05929975762493831], [0.08515281453743671, 0.5088775577935156]]}