{"mean": [[5.285295150020211, -0.01139620817925059, -0.10990796736665251, 1.5120102915204559, 0.0033609788916344548], [0.19378395506061435, 0.31571862978248366]], "std": [[3.2145824724508576, 0.21422569414823192, 0.5334443135197747, 0.6152554201231041, 0.06071137484838647], [0.09030832704984254, 0.5181751859802607]]}