{"mean": [[5.161873599446547, -0.10721807573951364, -0.03178039605451462, 1.6139326444260036, 0.002533110623178699], [0.21019098128480285, 0.19326322054082165]], "std": [[3.221521156805057, 0.42158431567528687, 1.3096339751676918, 0.4854707239571035, 0.05823457733159043], [0.056500535784175014, 0.6144855917312255]]}