{"mean": [[5.19005854972644, -0.11562221129297, -0.021968879939212548, 1.6119672173898005, 0.0026670389138297047], [0.21012700871060963, 0.1904764578799948]], "std": [[3.201701191284585, 0.43092909847857364, 1.2820512565338997, 0.4856629957306834, 0.058812829403944694], [0.05666242058215557, 0.6176536452725945]]}