{"mean": [[5.376539781820727, -0.15111240092128714, -0.07507301748137588, 1.5137678509709698, 0.003516514163663904], [0.1957768641556851, 0.18843521337021812]], "std": [[3.227017908805242, 0.4806766131115819, 1.3360209125455917, 0.6183975623351369, 0.060480736328105106], [0.09303879985681938, 0.5964354099947851]]}