{"mean": [[5.3885846328406135, -0.14959651995581547, -0.26054467241771884, 1.5147712868226848, 0.0035205520130273623], [0.19595189383935452, 0.15377290722926562]], "std": [[3.2106359779098073, 0.4831606103772324, 2.3212391867034325, 0.6175457602213426, 0.06038374999767454], [0.09301577695251273, 0.6186738583429536]]}