{"mean": [[5.28701280679716, -0.02504571266570539, -0.10531837125406623, 1.5121286516967465, 0.003326842766369755], [0.19599719939723279, 0.2952604939941363]], "std": [[3.2124326290246343, 0.25650759342167073, 0.6083911393383137, 0.6152892716337017, 0.060635525477017053], [0.09202337500829516, 0.5113093791643549]]}