{"mean": [[5.346081067796857, -0.006751886813499242, -0.07406222731278447, 1.755874540123483, -0.010068392380677048], [0.2151634236367858, 0.3494147198719581]], "std": [[3.181799042330233, 0.19198895269989408, 0.4984490463358888, 0.6158992075220213, 0.059425731323660795], [0.08240783425327228, 0.5227112147399225]]}