{"mean": [[5.336461652008593, -0.011683163461141427, -0.07057728681545375, 1.7551183050266383, -0.010027901311822638], [0.2150390567145259, 0.3347141671830138]], "std": [[3.187422358370526, 0.21152264310772653, 0.5637210111279045, 0.6163118673619681, 0.0593304538580163], [0.08239495703808776, 0.5322306509452381]]}