{"mean": [[5.127926823990136, -0.00880061589745639, -0.04326571171291829, 1.610962370361705, 0.002528034294948838, 0.21004474881564075, 0.23918821229672238], [0.21015673950569802, 0.23923055279205835]], "std": [[3.20802114622273, 0.23792850766606907, 0.9226691491191911, 0.48528699405725834, 0.059469849785136385, 0.05630342856164766, 0.5820474643564164], [0.05611678528211292, 0.5822381214783876]]}