{"mean": [[5.388596609067049, -0.26135884499004947, -0.37556331675424315, 1.482000853242684, 0.021620718701033822], [0.16999999999937276, 0.10369297134330231]], "std": [[3.1129768847517734, 0.4299614803009742, 2.190426374458715, 0.047021574885536425, 0.03674202108482267], [6.272482533375978e-13, 0.5096594713257281]]}