{"mean": [[5.124716273142867, -0.007684789335057904, -0.040271787075581, 1.6098198451387302, 0.0025535471900501134, 1.0286150067753546], [0.21011853858139654, 0.2387906010840762]], "std": [[3.209094890001684, 0.2377566429609755, 0.9191509464989494, 0.4859220530325685, 0.059450900856703855, 1.6888791080656236], [0.05614322550905098, 0.6619697776704615]]}