{"mean": [[5.301296247445442, -0.05932753295194937, -0.09860470371246013, 1.5121342828084454, 0.003292376896561289], [0.19599066585656683, 0.31080678563448233]], "std": [[3.2058368136499995, 0.3393913191639182, 0.789495065799963, 0.6150707644622311, 0.06079189971767267], [0.09206329036874665, 0.8883022205077317]]}