{"mean": [[5.1200339574468545, -0.009248343150247045, -0.038872102751762755, 1.6116802404449306, 0.0025207918993759336, 1.031082827733566], [0.21022570197540885, 0.23661994912609727]], "std": [[3.2068340873531582, 0.23841511350957928, 0.9197022165062213, 0.48466228519988463, 0.059433024871573446, 1.688580660829991], [0.05621177102773354, 0.6548911151475293]]}