{"mean": [[5.336342294498676, -0.011647652862319162, -0.07110965518266493, 1.7551183050266383, -0.010027901311822638], [0.2150390567145259, 0.3378984856389412]], "std": [[3.1870995902918797, 0.21195772444334832, 0.5638395479249814, 0.6163118673619681, 0.0593304538580163], [0.08239495703808776, 0.5325361795404818]]}