{"mean": [[5.360872244328722, -0.11498606287773293, -0.23738105499078158, 1.5137908842932888, 0.0035227971333798374], [0.19590243545819913, 0.18353269897594177]], "std": [[3.2127998386060215, 0.43115933143096463, 2.0615756644895, 0.6173341202564838, 0.06049289033809824], [0.09295649642035385, 0.6099501267801836]]}