{"mean": [[5.29073376363827, -0.04638202051876533, -0.1428819136885491, 1.5120062740248361, 0.003363805189759144], [0.19598988688483157, 0.279078526096374]], "std": [[3.210046931838431, 0.30690226508225005, 1.208377470874635, 0.6152255343937598, 0.06073861137988204], [0.09199836315331855, 0.5565326718272776]]}