{"mean": [[5.126279747715061, -0.0080078479716048, -0.04254006691014387, 1.610717746234241, 0.002493038229306608, 1.0251436427089997, 0.21006827244711962, 0.23873160623863787], [0.21018025336915028, 0.23878862650305047]], "std": [[3.2093638260259105, 0.23778811596789515, 0.9246902949552255, 0.48533369801756504, 0.05944606512361932, 1.6894038036809795, 0.0560370889645242, 0.6035957147940161], [0.05584943228548396, 0.6038034843531687]]}