{"mean": [[5.381625819002855, -0.2234795918240744, -0.08830695101100955, 1.5115920874942217, 0.0034927237920027773], [0.1954939456494659, 0.23002350114680453]], "std": [[3.2193097324757227, 0.5883600137927089, 1.1621274779631352, 0.6192029168313392, 0.06041383233663121], [0.09356161373760316, 0.5632280951110783]]}