{"mean": [[5.127851356858111, -0.009045330708819747, -0.03748166006030541, 1.6111740768390894, 0.002454047023491771, 1.0286393898810504, 0.2101019486863671, 0.23690327695861219], [0.21021420760057202, 0.2369211838137456]], "std": [[3.2068844177211004, 0.23861697762941556, 0.9209068355748111, 0.4850427209300781, 0.05946478314364797, 1.6905885774383091, 0.05641744834511567, 0.5942362316672211], [0.056230606554456206, 0.5944158860705019]]}