{"mean": [[5.376658911376262, -0.1619010998997339, -0.1065935484059298, 1.3877874657556795, 0.07229275080128542], [0.1700000000000601, 0.23376258208975895]], "std": [[3.078054618664833, 0.09302839721933154, 0.5864269006922255, 0.228522140036933, 0.08233383145019929], [6.00908212078366e-14, 0.3519389763508256]]}