{"mean": [[5.151549695067979, -0.021931381665415924, -0.033327343805863954, 1.6115060423007481, 0.002492324780128068, 1.0315626718587034, 0.21019045359313082, 0.1533407970058719], [0.21024663234820984, 0.15332646594844376]], "std": [[3.2071547798283624, 0.27995182048874073, 1.1455415056447205, 0.48435796503420453, 0.05944784122704118, 1.7711329600526362, 0.0558726290983178, 0.6186664822889978], [0.05577828091048427, 0.6187586010970867]]}