{"mean": [[5.183981601934993, -0.11505794992567657, -0.024212676688065184, 1.6125278474707774, 0.0026910361792513845, 1.0477495598132092], [0.2101498268225007, 0.19298815090647994]], "std": [[3.2004537316600015, 0.43132939792630276, 1.2789902565619953, 0.4849132449273463, 0.0588124924053644, 1.9241615333167088], [0.05656699930178385, 0.6168503504679317]]}