{"mean": [[5.286951672595872, -0.01966817670670081, -0.10844098125535497, 1.5120051514667652, 0.0033595427913902637], [0.1959914488007571, 0.3237778988636128]], "std": [[3.2123298238561753, 0.24052006394190967, 0.588375888633966, 0.6152345337073247, 0.060747374018207755], [0.09199572470652592, 0.6429851804590611]]}