{"mean": [[5.270026193377931, -0.004806726487161789, -0.06356239802553702, 1.7541893502721466, -0.010094970495833121, 1.1339999332294937], [0.21476076773201003, 0.35056308074246356]], "std": [[3.237708533634163, 0.19295665475310272, 0.5026723472221645, 0.6180428734342741, 0.05894056884469951, 1.708629590355888], [0.08166358738318473, 0.5205353463277951]]}