{"mean": [[5.3761941984455115, -0.17020474646786385, -0.07795173018263403, 1.384477387183528, 0.07286498878176675], [0.1700000000000662, 0.17705263278684133]], "std": [[3.11195816144015, 0.19962768503412504, 0.8592851340048131, 0.23476996749781814, 0.08152811817231283], [6.619704784327496e-14, 0.5451579819943576]]}