{"mean": [[5.376273828842837, -0.021214602369214727, -0.09152670380634054, 1.7177852167074816, -0.012352327553986046], [0.23851255602262875, 0.31450498340917904]], "std": [[3.22711246160476, 0.2252525224068834, 0.5784990558814957, 0.6730516292539066, 0.06149810208184809], [0.12318502635089781, 0.5075583278459774]]}