{"mean": [[5.12338053470491, -0.008822268461675411, -0.039440681299125466, 1.6114758934882427, 0.002485380687734296, 1.030351840444649, 0.21013311073879304, 0.24000697222991163], [0.2102454389569907, 0.24008152301245553]], "std": [[3.208134681573071, 0.23768938216227378, 0.9198815153709747, 0.4844215091478724, 0.059443817598343135, 1.6898809458482493, 0.05596671809206888, 0.6029630256583245], [0.055778288605360805, 0.6031658568729359]]}