{"mean": [[5.286312596773075, -0.027446718762168313, -0.10478653718852467, 1.5120062740248361, 0.003363805189759144], [0.19598988688483157, 0.3007143712061633]], "std": [[3.2098490014640277, 0.2649092128682835, 0.6460208287594887, 0.6152255343937598, 0.06073861137988204], [0.09199836315331855, 0.5479839883091115]]}