{"mean": [[5.284056229828116, -0.015575998952746478, -0.10844482950587982, 1.5120051514667652, 0.0033595427913902637], [0.1959914488007571, 0.31368808385424574]], "std": [[3.2130139022795667, 0.22972003358793244, 0.5627863772356457, 0.6152345337073247, 0.060747374018207755], [0.09199572470652592, 0.5320882785117268]]}