{"mean": [[5.286351664934954, -0.013070360911891905, -0.10948595366599749, 1.5120102915204559, 0.0033609788916344548], [0.19598901123360518, 0.3233953345397779]], "std": [[3.2144140691013594, 0.21918040361714666, 0.5420101422582524, 0.6152554201231041, 0.06071137484838647], [0.09200350192643497, 0.5269122140443998]]}