{"mean": [[5.262594699859619, -0.005251201335340738, -0.06364429742097855, 1.7540130615234375, -0.009955850429832935], [0.21469175815582275, 0.35252946615219116]], "std": [[3.2231483459472656, 0.19228726625442505, 0.5014125108718872, 0.6167649626731873, 0.05892949551343918], [0.08151960372924805, 0.5205679535865784]]}