{"mean": [[5.3110508438697455, -0.02097244987999337, -0.11169626836348887, 1.5075307470475197, 0.0033868470853828515], [0.1951619339258441, 0.31370535417045803]], "std": [[3.223355637128189, 0.252465053907824, 0.6453427765975416, 0.6215836125942403, 0.06070517783252942], [0.09356660269493575, 0.5366367994503127]]}