{"mean": [[5.128139564437074, -0.009196727114421663, -0.03928373951974691, 1.6104631789215953, 0.002574174294151739, 1.030115034799656, 0.21005380215608663, 0.24298827287115515], [0.2101662425937153, 0.24301901393172715]], "std": [[3.2098661427056308, 0.23855354304505685, 0.9196364907702023, 0.48544193229218047, 0.05949256169673414, 1.6922295817616095, 0.05623023867943342, 0.6592585843863191], [0.05604269415816012, 0.6595162167651752]]}