{"mean": [[5.383765446198427, -0.2629475860167412, -0.37911530767829305, 1.4819301580179072, 0.02157147659058058, 0.4990760835400797], [0.16999999999935542, 0.10152599999044555]], "std": [[3.0957091008937687, 0.4347607180561362, 2.2104854865363137, 0.04699737229436717, 0.03686875206374595, 0.6487757645246577], [6.445954880973659e-13, 0.5121145773812762]]}